Workbook

Sheet Summary
A1: Does EUR/USD move more on ECB decision days than on a normal day?
A2: Eight Governing Council decisions, 30 Oct 2025 to 10 Sep 2026. Data to 18 Sep 2026. Every number below is a formula on the Meetings and Data sheets.
A4: Decision date | B4: Decision | C4: Matched expectation | D4: Change, decision day to next day | E4: Change, next 5 fixings | F4: Baseline: avg abs daily change, prior 60 | G4: Ratio | H4: Ratio above 1.5
A5: =Meetings!A5 -> 45960 | B5: =Meetings!B5 -> Hold, deposit rate 2.00% | C5: =Meetings!D5 -> Yes | D5: =Meetings!I5 -> 0.00034632035 | E5: =Meetings!L5 -> -0.0014718615 | F5: =Meetings!M5 -> 0.0028390745 | G5: =Meetings!N5 -> 0.12198354 | H5: =Meetings!O5 -> No
A6: =Meetings!A6 -> 46009 | B6: =Meetings!B6 -> Hold, deposit rate 2.00% | C6: =Meetings!D6 -> Yes | D6: =Meetings!I6 -> -0.00059732059 | E6: =Meetings!L6 -> 0.0040105811 | F6: =Meetings!M6 -> 0.0023384595 | G6: =Meetings!N6 -> 0.25543337 | H6: =Meetings!O6 -> No
A7: =Meetings!A7 -> 46058 | B7: =Meetings!B7 -> Hold, deposit rate 2.00% | C7: =Meetings!D7 -> Yes | D7: =Meetings!I7 -> -0.00033904052 | E7: =Meetings!L7 -> 0.0064417698 | F7: =Meetings!M7 -> 0.0025587384 | G7: =Meetings!N7 -> 0.132503 | H7: =Meetings!O7 -> No
A8: =Meetings!A8 -> 46100 | B8: =Meetings!B8 -> Hold, deposit rate 2.00% | C8: =Meetings!D8 -> Yes | D8: =Meetings!I8 -> 0.0057446253 | E8: =Meetings!L8 -> 0.0043519889 | F8: =Meetings!M8 -> 0.0029817403 | G8: =Meetings!N8 -> 1.9266015 | H8: =Meetings!O8 -> Yes
A9: =Meetings!A9 -> 46142 | B9: =Meetings!B9 -> Hold, deposit rate 2.00% | C9: =Meetings!D9 -> Partly | D9: =Meetings!I9 -> -0.00017091096 | E9: =Meetings!L9 -> 0.0050418732 | F9: =Meetings!M9 -> 0.003186157 | G9: =Meetings!N9 -> 0.053641725 | H9: =Meetings!O9 -> No
A10: =Meetings!A10 -> 46184 | B10: =Meetings!B10 -> Hike 25bp, deposit rate 2.25% | C10: =Meetings!D10 -> Yes | D10: =Meetings!I10 -> 0.0026003294 | E10: =Meetings!L10 -> -0.0065875011 | F10: =Meetings!M10 -> 0.0027022605 | G10: =Meetings!N10 -> 0.96227931 | H10: =Meetings!O10 -> No
A11: =Meetings!A11 -> 46226 | B11: =Meetings!B11 -> Hold, deposit rate 2.25% | C11: =Meetings!D11 -> Yes | D11: =Meetings!I11 -> -0.0013167135 | E11: =Meetings!L11 -> 0.0073735955 | F11: =Meetings!M11 -> 0.0020927718 | G11: =Meetings!N11 -> 0.62917202 | H11: =Meetings!O11 -> No
A12: =Meetings!A12 -> 46275 | B12: =Meetings!B12 -> Hike 25bp, deposit rate 2.50% | C12: =Meetings!D12 -> Yes | D12: =Meetings!I12 -> -0.0020661157 | E12: =Meetings!L12 -> -0.011621901 | F12: =Meetings!M12 -> 0.0019884746 | G12: =Meetings!N12 -> 1.0390456 | H12: =Meetings!O12 -> No
A14: Result
A15: Average ratio, 8 decision days | B15: =AVERAGE(G5:G12) -> 0.6400825
A16: Median ratio, 8 decision days | B16: =MEDIAN(G5:G12) -> 0.44230269
A17: Decision days with ratio above 1.5 | B17: =COUNTIF(H5:H12,"Yes") -> 1
A18: Share of decision days above 1.5 | B18: =B17/8 -> 0.125
A19: Share of all days above 1.5 (benchmark, same method) | B19: =SUM(Data!G66:G317)/COUNT(Data!F66:F317) -> 0.20634921
A20: Days in the benchmark | B20: =COUNT(Data!F66:F317) -> 252
A21: Average abs next-day change, decision days | B21: =SUMPRODUCT(ABS(D5:D12))/8 -> 0.001647672
A22: Average baseline, decision days | B22: =AVERAGE(F5:F12) -> 0.0025859596
A24: Method: the ECB reference rate is set around 14:15 CET, the same time as the decision, so the next day's fixing is the first that includes the reaction. Ratio = absolute change from decision day to next day, divided by the average absolute daily change over the 60 fixings up to and including decision day. Ratios above 1.5 are flagged. The benchmark applies the same ratio to every day in the data with a full 60-day window.
A25: Limits: one fixing a day, so intraday moves are invisible; other news on the same day (US data, energy prices) is mixed in; 8 meetings is a small sample; expectations come from the ECB's own accounts, published about four weeks after each meeting.
A27: Flag threshold (input: change it and every flag recalculates) | B27: 1.5

Sheet Meetings
A1: Eight ECB decision days: EUR/USD reaction against a normal day
A2: The reference rate is set around 14:15 CET, the time of the decision, so the decision-day fixing is a pre-reaction level and the next fixing is the first that includes the reaction. All black cells are formulas on the Data sheet.
A4: Decision date | B4: Decision | C4: Public expectation before the meeting (ECB account) | D4: Matched expectation | E4: Row in Data | F4: Decision-day fixing | G4: Next fixing date | H4: Next fixing | I4: Change, decision day to next day | J4: Fifth fixing date | K4: Fifth fixing | L4: Change, next 5 fixings | M4: Baseline: avg abs daily change, prior 60 | N4: Ratio (abs next-day change / baseline) | O4: Ratio above 1.5
A5: 45960 | B5: Hold, deposit rate 2.00% | C5: Market pricing attached zero probability to a rate cut at the October meeting | D5: Yes | E5: =MATCH(A5,Data!$A$5:$A$317,0)+4 -> 92 | F5: =INDEX(Data!$B:$B,E5) -> 1.155 | G5: =INDEX(Data!$A:$A,E5+1) -> 45961 | H5: =INDEX(Data!$B:$B,E5+1) -> 1.1554 | I5: =H5/F5-1 -> 0.00034632035 | J5: =INDEX(Data!$A:$A,E5+5) -> 45967 | K5: =INDEX(Data!$B:$B,E5+5) -> 1.1533 | L5: =K5/F5-1 -> -0.0014718615 | M5: =AVERAGE(INDEX(Data!$D:$D,E5-59):INDEX(Data!$D:$D,E5)) -> 0.0028390745 | N5: =ABS(I5)/M5 -> 0.12198354 | O5: =IF(N5>Summary!$B$27,"Yes","No") -> No
A6: 46009 | B6: Hold, deposit rate 2.00% | C6: Zero probability attached to a cut at the December meeting; further cuts priced out | D6: Yes | E6: =MATCH(A6,Data!$A$5:$A$317,0)+4 -> 127 | F6: =INDEX(Data!$B:$B,E6) -> 1.1719 | G6: =INDEX(Data!$A:$A,E6+1) -> 46010 | H6: =INDEX(Data!$B:$B,E6+1) -> 1.1712 | I6: =H6/F6-1 -> -0.00059732059 | J6: =INDEX(Data!$A:$A,E6+5) -> 46020 | K6: =INDEX(Data!$B:$B,E6+5) -> 1.1766 | L6: =K6/F6-1 -> 0.0040105811 | M6: =AVERAGE(INDEX(Data!$D:$D,E6-59):INDEX(Data!$D:$D,E6)) -> 0.0023384595 | N6: =ABS(I6)/M6 -> 0.25543337 | O6: =IF(N6>Summary!$B$27,"Yes","No") -> No
A7: 46058 | B7: Hold, deposit rate 2.00% | C7: The ECB was expected to keep rates unchanged in 2026 | D7: Yes | E7: =MATCH(A7,Data!$A$5:$A$317,0)+4 -> 159 | F7: =INDEX(Data!$B:$B,E7) -> 1.1798 | G7: =INDEX(Data!$A:$A,E7+1) -> 46059 | H7: =INDEX(Data!$B:$B,E7+1) -> 1.1794 | I7: =H7/F7-1 -> -0.00033904052 | J7: =INDEX(Data!$A:$A,E7+5) -> 46065 | K7: =INDEX(Data!$B:$B,E7+5) -> 1.1874 | L7: =K7/F7-1 -> 0.0064417698 | M7: =AVERAGE(INDEX(Data!$D:$D,E7-59):INDEX(Data!$D:$D,E7)) -> 0.0025587384 | N7: =ABS(I7)/M7 -> 0.132503 | O7: =IF(N7>Summary!$B$27,"Yes","No") -> No
A8: 46100 | B8: Hold, deposit rate 2.00% | C8: Close to two 25bp hikes priced by end-2026, the first expected around June | D8: Yes | E8: =MATCH(A8,Data!$A$5:$A$317,0)+4 -> 189 | F8: =INDEX(Data!$B:$B,E8) -> 1.1489 | G8: =INDEX(Data!$A:$A,E8+1) -> 46101 | H8: =INDEX(Data!$B:$B,E8+1) -> 1.1555 | I8: =H8/F8-1 -> 0.0057446253 | J8: =INDEX(Data!$A:$A,E8+5) -> 46107 | K8: =INDEX(Data!$B:$B,E8+5) -> 1.1539 | L8: =K8/F8-1 -> 0.0043519889 | M8: =AVERAGE(INDEX(Data!$D:$D,E8-59):INDEX(Data!$D:$D,E8)) -> 0.0029817403 | N8: =ABS(I8)/M8 -> 1.9266015 | O8: =IF(N8>Summary!$B$27,"Yes","No") -> Yes
A9: 46142 | B9: Hold, deposit rate 2.00% | C9: One 25bp hike fully priced by June; the account calls the hold a close call | D9: Partly | E9: =MATCH(A9,Data!$A$5:$A$317,0)+4 -> 217 | F9: =INDEX(Data!$B:$B,E9) -> 1.1702 | G9: =INDEX(Data!$A:$A,E9+1) -> 46146 | H9: =INDEX(Data!$B:$B,E9+1) -> 1.17 | I9: =H9/F9-1 -> -0.00017091096 | J9: =INDEX(Data!$A:$A,E9+5) -> 46150 | K9: =INDEX(Data!$B:$B,E9+5) -> 1.1761 | L9: =K9/F9-1 -> 0.0050418732 | M9: =AVERAGE(INDEX(Data!$D:$D,E9-59):INDEX(Data!$D:$D,E9)) -> 0.003186157 | N9: =ABS(I9)/M9 -> 0.053641725 | O9: =IF(N9>Summary!$B$27,"Yes","No") -> No
A10: 46184 | B10: Hike 25bp, deposit rate 2.25% | C10: One hike fully priced in for the June meeting | D10: Yes | E10: =MATCH(A10,Data!$A$5:$A$317,0)+4 -> 246 | F10: =INDEX(Data!$B:$B,E10) -> 1.1537 | G10: =INDEX(Data!$A:$A,E10+1) -> 46185 | H10: =INDEX(Data!$B:$B,E10+1) -> 1.1567 | I10: =H10/F10-1 -> 0.0026003294 | J10: =INDEX(Data!$A:$A,E10+5) -> 46191 | K10: =INDEX(Data!$B:$B,E10+5) -> 1.1461 | L10: =K10/F10-1 -> -0.0065875011 | M10: =AVERAGE(INDEX(Data!$D:$D,E10-59):INDEX(Data!$D:$D,E10)) -> 0.0027022605 | N10: =ABS(I10)/M10 -> 0.96227931 | O10: =IF(N10>Summary!$B$27,"Yes","No") -> No
A11: 46226 | B11: Hold, deposit rate 2.25% | C11: Next hike almost fully priced in for September | D11: Yes | E11: =MATCH(A11,Data!$A$5:$A$317,0)+4 -> 276 | F11: =INDEX(Data!$B:$B,E11) -> 1.1392 | G11: =INDEX(Data!$A:$A,E11+1) -> 46227 | H11: =INDEX(Data!$B:$B,E11+1) -> 1.1377 | I11: =H11/F11-1 -> -0.0013167135 | J11: =INDEX(Data!$A:$A,E11+5) -> 46233 | K11: =INDEX(Data!$B:$B,E11+5) -> 1.1476 | L11: =K11/F11-1 -> 0.0073735955 | M11: =AVERAGE(INDEX(Data!$D:$D,E11-59):INDEX(Data!$D:$D,E11)) -> 0.0020927718 | N11: =ABS(I11)/M11 -> 0.62917202 | O11: =IF(N11>Summary!$B$27,"Yes","No") -> No
A12: 46275 | B12: Hike 25bp, deposit rate 2.50% | C12: September hike almost fully priced in (as at the July meeting) | D12: Yes | E12: =MATCH(A12,Data!$A$5:$A$317,0)+4 -> 311 | F12: =INDEX(Data!$B:$B,E12) -> 1.1616 | G12: =INDEX(Data!$A:$A,E12+1) -> 46276 | H12: =INDEX(Data!$B:$B,E12+1) -> 1.1592 | I12: =H12/F12-1 -> -0.0020661157 | J12: =INDEX(Data!$A:$A,E12+5) -> 46282 | K12: =INDEX(Data!$B:$B,E12+5) -> 1.1481 | L12: =K12/F12-1 -> -0.011621901 | M12: =AVERAGE(INDEX(Data!$D:$D,E12-59):INDEX(Data!$D:$D,E12)) -> 0.0019884746 | N12: =ABS(I12)/M12 -> 1.0390456 | O12: =IF(N12>Summary!$B$27,"Yes","No") -> No

Sheet Data
A1: ECB euro reference rate, US dollar per euro, daily
A2: Source: ECB euro foreign exchange reference rates, US dollar per euro (series EXR.D.USD.EUR.SP00.A), ECB Data Portal, https://data-api.ecb.europa.eu/service/data/EXR/D.USD.EUR.SP00.A . Accessed 21 Oct 2026.
A3: Blue = value copied from the ECB series. Black = formula. Daily change = rate / previous fixing - 1. Baseline = average absolute daily change over the 60 fixings before that day's change. Ratio = absolute change / baseline.
A4: Date | B4: USD per EUR | C4: Daily change | D4: Absolute change | E4: Baseline: avg abs change, prior 60 | F4: Ratio | G4: Ratio above 1.5 (1 = yes)
A5: 45839 | B5: 1.181
A6: 45840 | B6: 1.1755 | C6: =B6/B5-1 -> -0.0046570703 | D6: =ABS(C6) -> 0.0046570703
A7: 45841 | B7: 1.1782 | C7: =B7/B6-1 -> 0.0022968949 | D7: =ABS(C7) -> 0.0022968949
A8: 45842 | B8: 1.1767 | C8: =B8/B7-1 -> -0.0012731285 | D8: =ABS(C8) -> 0.0012731285
A9: 45845 | B9: 1.1728 | C9: =B9/B8-1 -> -0.0033143537 | D9: =ABS(C9) -> 0.0033143537
A10: 45846 | B10: 1.1718 | C10: =B10/B9-1 -> -0.0008526603 | D10: =ABS(C10) -> 0.0008526603
A11: 45847 | B11: 1.1698 | C11: =B11/B10-1 -> -0.0017067759 | D11: =ABS(C11) -> 0.0017067759
A12: 45848 | B12: 1.1709 | C12: =B12/B11-1 -> 0.00094033168 | D12: =ABS(C12) -> 0.00094033168
A13: 45849 | B13: 1.1683 | C13: =B13/B12-1 -> -0.0022205141 | D13: =ABS(C13) -> 0.0022205141
A14: 45852 | B14: 1.169 | C14: =B14/B13-1 -> 0.00059916117 | D14: =ABS(C14) -> 0.00059916117
A15: 45853 | B15: 1.1665 | C15: =B15/B14-1 -> -0.00213858 | D15: =ABS(C15) -> 0.00213858
A16: 45854 | B16: 1.1602 | C16: =B16/B15-1 -> -0.0054007715 | D16: =ABS(C16) -> 0.0054007715
A17: 45855 | B17: 1.1579 | C17: =B17/B16-1 -> -0.0019824168 | D17: =ABS(C17) -> 0.0019824168
... A65: 45923 | B65: 1.1793 | C65: =B65/B64-1 -> 0.0010185893 | D65: =ABS(C65) -> 0.0010185893
A66: 45924 | B66: 1.1756 | C66: =B66/B65-1 -> -0.0031374544 | D66: =ABS(C66) -> 0.0031374544 | E66: =AVERAGE(D6:D65) -> 0.0032887357 | F66: =D66/E66 -> 0.95400017 | G66: =IF(F66>Summary!$B$27,1,0) -> 0
A67: 45925 | B67: 1.1739 | C67: =B67/B66-1 -> -0.0014460701 | D67: =ABS(C67) -> 0.0014460701 | E67: =AVERAGE(D7:D66) -> 0.0032634088 | F67: =D67/E67 -> 0.44311644 | G67: =IF(F67>Summary!$B$27,1,0) -> 0
A68: 45926 | B68: 1.1672 | C68: =B68/B67-1 -> -0.0057074708 | D68: =ABS(C68) -> 0.0057074708 | E68: =AVERAGE(D8:D67) -> 0.0032492284 | F68: =D68/E68 -> 1.7565619 | G68: =IF(F68>Summary!$B$27,1,0) -> 1
A69: 45929 | B69: 1.1723 | C69: =B69/B68-1 -> 0.0043694311 | D69: =ABS(C69) -> 0.0043694311 | E69: =AVERAGE(D9:D68) -> 0.0033231341 | F69: =D69/E69 -> 1.3148525 | G69: =IF(F69>Summary!$B$27,1,0) -> 0
A70: 45930 | B70: 1.1741 | C70: =B70/B69-1 -> 0.0015354431 | D70: =ABS(C70) -> 0.0015354431 | E70: =AVERAGE(D10:D69) -> 0.0033407187 | F70: =D70/E70 -> 0.45961462 | G70: =IF(F70>Summary!$B$27,1,0) -> 0
A71: 45931 | B71: 1.1724 | C71: =B71/B70-1 -> -0.0014479176 | D71: =ABS(C71) -> 0.0014479176 | E71: =AVERAGE(D11:D70) -> 0.0033520984 | F71: =D71/E71 -> 0.43194363 | G71: =IF(F71>Summary!$B$27,1,0) -> 0
A72: 45932 | B72: 1.1754 | C72: =B72/B71-1 -> 0.0025588536 | D72: =ABS(C72) -> 0.0025588536 | E72: =AVERAGE(D12:D71) -> 0.0033477841 | F72: =D72/E72 -> 0.76434249 | G72: =IF(F72>Summary!$B$27,1,0) -> 0
A73: 45933 | B73: 1.1734 | C73: =B73/B72-1 -> -0.0017015484 | D73: =ABS(C73) -> 0.0017015484 | E73: =AVERAGE(D13:D72) -> 0.0033747595 | F73: =D73/E73 -> 0.50419843 | G73: =IF(F73>Summary!$B$27,1,0) -> 0
A74: 45936 | B74: 1.1678 | C74: =B74/B73-1 -> -0.0047724561 | D74: =ABS(C74) -> 0.0047724561 | E74: =AVERAGE(D14:D73) -> 0.00336611 | F74: =D74/E74 -> 1.4177956 | G74: =IF(F74>Summary!$B$27,1,0) -> 0
A75: 45937 | B75: 1.1666 | C75: =B75/B74-1 -> -0.0010275732 | D75: =ABS(C75) -> 0.0010275732 | E75: =AVERAGE(D15:D74) -> 0.003435665 | F75: =D75/E75 -> 0.29909005 | G75: =IF(F75>Summary!$B$27,1,0) -> 0
A76: 45938 | B76: 1.1627 | C76: =B76/B75-1 -> -0.0033430482 | D76: =ABS(C76) -> 0.0033430482 | E76: =AVERAGE(D16:D75) -> 0.0034171482 | F76: =D76/E76 -> 0.97831525 | G76: =IF(F76>Summary!$B$27,1,0) -> 0
A77: 45939 | B77: 1.1611 | C77: =B77/B76-1 -> -0.0013761073 | D77: =ABS(C77) -> 0.0013761073 | E77: =AVERAGE(D17:D76) -> 0.0033828528 | F77: =D77/E77 -> 0.40678901 | G77: =IF(F77>Summary!$B$27,1,0) -> 0
... A317: 46283 | B317: 1.146 | C317: =B317/B316-1 -> -0.001829109 | D317: =ABS(C317) -> 0.001829109 | E317: =AVERAGE(D257:D316) -> 0.0019861217 | F317: =D317/E317 -> 0.92094504 | G317: =IF(F317>Summary!$B$27,1,0) -> 0

Sheet Sources
A1: Sources
A3: Item | B3: URL | C3: Accessed
A4: ECB euro reference rates, USD per EUR (ECB Data Portal, EXR.D.USD.EUR.SP00.A) | B4: https://data-api.ecb.europa.eu/service/data/EXR/D.USD.EUR.SP00.A | C4: 21 Oct 2026
A5: ECB, monetary policy decisions published at 14:15 CET | B5: https://www.ecb.europa.eu/press/govcdec/mopo/html/index.en.html | C5: 21 Oct 2026
A6: ECB press release, monetary policy decisions, 2025-10-30 | B6: https://www.ecb.europa.eu/press/pr/date/2025/html/ecb.mp251030~cf0540b5c0.en.html | C6: 21 Oct 2026
A7: ECB account of the meeting decided on 2025-10-30 (market pricing before the meeting) | B7: https://www.ecb.europa.eu/press/accounts/2025/html/ecb.mg251127~dc88fc4bec.en.html | C7: 21 Oct 2026
A8: ECB press release, monetary policy decisions, 2025-12-18 | B8: https://www.ecb.europa.eu/press/pr/date/2025/html/ecb.mp251218~58b0e415a6.en.html | C8: 21 Oct 2026
A9: ECB account of the meeting decided on 2025-12-18 (market pricing before the meeting) | B9: https://www.ecb.europa.eu/press/accounts/2026/html/ecb.mg260122~5ca84e0f51.en.html | C9: 21 Oct 2026
A10: ECB press release, monetary policy decisions, 2026-02-05 | B10: https://www.ecb.europa.eu/press/pr/date/2026/html/ecb.mp260205~001d26959b.en.html | C10: 21 Oct 2026
A11: ECB account of the meeting decided on 2026-02-05 (market pricing before the meeting) | B11: https://www.ecb.europa.eu/press/accounts/2026/html/ecb.mg260305~4a9b7afe1c.en.html | C11: 21 Oct 2026
A12: ECB press release, monetary policy decisions, 2026-03-19 | B12: https://www.ecb.europa.eu/press/pr/date/2026/html/ecb.mp260319~3057739775.en.html | C12: 21 Oct 2026
A13: ECB account of the meeting decided on 2026-03-19 (market pricing before the meeting) | B13: https://www.ecb.europa.eu/press/accounts/2026/html/ecb.mg260416~6a27b0c258.en.html | C13: 21 Oct 2026
A14: ECB press release, monetary policy decisions, 2026-04-30 | B14: https://www.ecb.europa.eu/press/pr/date/2026/html/ecb.mp260430~81b7179e6f.en.html | C14: 21 Oct 2026
... A21: ECB account of the meeting decided on 2026-09-10 (market pricing before the meeting) | B21: https://www.ecb.europa.eu/press/accounts/2026/html/ecb.mg260827~f06c21fd54.en.html | C21: 21 Oct 2026
A24: Independent portfolio project built from public data. Not investment advice.
